index,d__Bacteria;p__Bacteroidota;c__Bacteroidia,d__Bacteria;p__Proteobacteria;c__Gammaproteobacteria,d__Bacteria;p__Proteobacteria;c__Alphaproteobacteria,d__Bacteria;p__Fusobacteriota;c__Fusobacteriia,d__Bacteria;p__Verrucomicrobiota;c__Verrucomicrobiae,d__Bacteria;p__Campilobacterota;c__Campylobacteria,d__Bacteria;p__Firmicutes;c__Bacilli,d__Bacteria;p__Firmicutes;c__Clostridia,d__Bacteria;p__Planctomycetota;c__Phycisphaerae,d__Bacteria;p__Spirochaetota;c__Leptospirae,d__Bacteria;p__Actinobacteriota;c__Actinobacteria,d__Bacteria;p__Cyanobacteria;c__Cyanobacteriia,d__Bacteria;p__Deinococcota;c__Deinococci,d__Bacteria;p__Desulfobacterota;c__Desulfuromonadia,d__Bacteria;p__Verrucomicrobiota;c__Kiritimatiellae,d__Bacteria;p__Myxococcota;c__Polyangia,d__Bacteria;p__Bdellovibrionota;c__Oligoflexia,d__Bacteria;p__Verrucomicrobiota;c__Chlamydiae,d__Bacteria;p__Bacteroidota;c__Rhodothermia,d__Bacteria;p__Desulfobacterota;c__Desulfovibrionia,d__Bacteria;p__Planctomycetota;c__Planctomycetes,d__Bacteria;p__Myxococcota;c__Myxococcia,d__Bacteria;p__Planctomycetota;c__028H05-P-BN-P5,d__Bacteria;p__Firmicutes;c__Negativicutes,d__Bacteria;p__Patescibacteria;c__Gracilibacteria,d__Bacteria;p__Bdellovibrionota;c__Bdellovibrionia,d__Bacteria;p__Patescibacteria;c__ABY1,d__Bacteria;p__Bacteroidota;c__Kapabacteria,d__Bacteria;p__Patescibacteria;c__Parcubacteria,d__Bacteria;p__Desulfobacterota;c__Desulfobulbia,d__Bacteria;p__Patescibacteria;c__Saccharimonadia,d__Bacteria;p__Verrucomicrobiota;c__Lentisphaeria,d__Bacteria;__;__,d__Bacteria;p__Synergistota;c__Synergistia,d__Bacteria;p__Desulfobacterota;c__Desulfobacteria,d__Bacteria;p__Planctomycetota;c__Pla3_lineage,d__Bacteria;p__Actinobacteriota;c__Acidimicrobiia,d__Bacteria;p__Dependentiae;c__Babeliae,d__Bacteria;p__Planctomycetota;c__OM190,d__Bacteria;p__Calditrichota;c__Calditrichia,d__Bacteria;p__Spirochaetota;c__Spirochaetia,d__Bacteria;p__Desulfobacterota;c__uncultured,d__Bacteria;p__SAR324_clade(Marine_group_B);c__SAR324_clade(Marine_group_B),d__Bacteria;p__Sumerlaeota;c__Sumerlaeia,d__Bacteria;p__Proteobacteria;__,d__Bacteria;p__Margulisbacteria;c__Margulisbacteria,d__Bacteria;p__Cyanobacteria;c__Sericytochromatia,d__Bacteria;p__Planctomycetota;c__BD7-11,d__Bacteria;p__Deferribacterota;c__Deferribacteres,d__Bacteria;p__Planctomycetota;c__Pla4_lineage,d__Bacteria;p__Latescibacterota;c__Latescibacterota,d__Bacteria;p__Chloroflexi;c__Anaerolineae,d__Bacteria;p__Thermotogota;c__Thermotogae,d__Archaea;p__Nanoarchaeota;c__Nanoarchaeia,d__Bacteria;p__Verrucomicrobiota;c__Omnitrophia,d__Bacteria;p__Actinobacteriota;c__Coriobacteriia,d__Bacteria;p__Marinimicrobia_(SAR406_clade);c__Marinimicrobia_(SAR406_clade),d__Bacteria;p__Cloacimonadota;c__Cloacimonadia,d__Bacteria;p__Nitrospirota;c__Nitrospiria,d__Bacteria;p__Acidobacteriota;c__Blastocatellia,d__Bacteria;p__Acidobacteriota;c__Holophagae,d__Bacteria;p__FCPU426;c__FCPU426,d__Bacteria;p__LCP-89;c__LCP-89,d__Archaea;p__Thermoplasmatota;c__Thermoplasmata,d__Bacteria;p__WPS-2;c__WPS-2,d__Archaea;__;__,d__Bacteria;p__NB1-j;c__NB1-j,d__Bacteria;p__Spirochaetota;c__MVP-15,d__Bacteria;p__Cyanobacteria;c__Vampirivibrionia,d__Bacteria;p__Actinobacteriota;c__Thermoleophilia,d__Bacteria;p__Firmicutes;c__Desulfitobacteriia,d__Bacteria;p__Myxococcota;c__bacteriap25,d__Bacteria;p__Bacteroidota;c__Ignavibacteria,d__Bacteria;p__Planctomycetota;c__vadinHA49,d__Bacteria;p__Firmicutes;__,d__Bacteria;p__Acidobacteriota;c__Aminicenantia,d__Bacteria;p__Entotheonellaeota;c__Entotheonellia,d__Archaea;p__Crenarchaeota;c__Nitrososphaeria,d__Archaea;p__Halobacterota;c__Methanosarcinia,d__Bacteria;p__Acidobacteriota;c__Thermoanaerobaculia,d__Bacteria;p__Dadabacteria;c__Dadabacteriia,d__Archaea;p__Halobacterota;c__Methanomicrobia,d__Bacteria;p__Nitrospinota;c__Nitrospinia,d__Bacteria;p__Armatimonadota;c__Fimbriimonadia,d__Bacteria;p__Elusimicrobiota;c__Lineage_IIb,d__Bacteria;p__Planctomycetota;__,d__Archaea;p__Halobacterota;c__Halobacteria,d__Bacteria;p__Spirochaetota;c__Spirochaetota,d__Bacteria;p__Gemmatimonadota;c__BD2-11_terrestrial_group,d__Bacteria;p__Desulfobacterota;c__Syntrophobacteria,d__Bacteria;p__Chloroflexi;c__KD4-96,d__Bacteria;p__Verrucomicrobiota;__,d__Bacteria;p__Methylomirabilota;c__Methylomirabilia,d__Bacteria;p__Hydrogenedentes;c__Hydrogenedentia,d__Bacteria;p__Acidobacteriota;c__Subgroup_22,d__Bacteria;p__Acidobacteriota;c__Acidobacteriae,d__Archaea;p__Euryarchaeota;c__Methanobacteria,d__Bacteria;p__Fibrobacterota;c__Fibrobacteria,d__Archaea;p__Crenarchaeota;c__Bathyarchaeia,d__Bacteria;p__WS2;c__WS2,d__Bacteria;p__Acidobacteriota;c__Subgroup_26,d__Bacteria;p__Acidobacteriota;c__Vicinamibacteria,d__Bacteria;p__RCP2-54;c__RCP2-54,d__Bacteria;p__Sva0485;c__Sva0485,d__Bacteria;p__Gemmatimonadota;c__Gemmatimonadetes,d__Bacteria;p__Patescibacteria;c__WWE3,d__Bacteria;p__MBNT15;c__MBNT15,TBSampleID,SamplingEvent,TurtleID,TurtleName,SampleSite,CarSampleID,EpiSeqRegion,SeqMethod,ForwardPrimer,ReversePrimer,Type,Gene,Region,AdmissionDate,EndoSamplingDate,EpiSamplingDate,ReleaseDate,DaysInRehabiliationBeforeSampling,HospStatus,TurtleSex,AgeRange,Weight,SCL,CCL,CCW,Locality,LocalitySampled,OriginLocality,LocalityGeo,SamplingMoNo,SamplingSeason,SamplingYear
16S0064C,31551.0,32162.0,5240.0,122.0,39.0,5006.0,104.0,5789.0,15.0,7773.0,826.0,93.0,0.0,54.0,948.0,308.0,3351.0,120.0,0.0,1891.0,13.0,0.0,0.0,38.0,3178.0,123.0,0.0,98.0,45.0,195.0,108.0,493.0,26.0,38.0,1362.0,0.0,74.0,0.0,0.0,0.0,505.0,0.0,0.0,0.0,0.0,0.0,0.0,0.0,0.0,0.0,0.0,40.0,0.0,0.0,0.0,0.0,0.0,5.0,0.0,4.0,31.0,0.0,0.0,28.0,8.0,0.0,0.0,5.0,0.0,15.0,0.0,0.0,0.0,0.0,13.0,0.0,0.0,0.0,0.0,13.0,0.0,0.0,0.0,0.0,0.0,0.0,0.0,0.0,0.0,0.0,0.0,0.0,0.0,0.0,0.0,0.0,0.0,0.0,0.0,0.0,0.0,0.0,0.0,0.0,0.0,0.0,0.0,SC0064,PMFTI0064,ID047,ZAL,CLOACA,TB115,V4,Illumina MiSeq,CCTACGGGNGGCWGCAG,GACTACHVGGGTATCTAATCC,amplicon,16S,V34,02.05.2019.,08.05.2019.,08.05.2019.,14.06.2019.,6,MID,ND,SUB-ADULT,20,53.5,53.5,51,HR,"HR, Aquarium Pula Rescue Center","HR, Kamenjak Albanež","44.7681° N, 13.9225° E",5,SPRING,2019
16S0064O,0.0,2.0,0.0,0.0,0.0,0.0,0.0,0.0,0.0,0.0,0.0,0.0,0.0,0.0,0.0,0.0,0.0,0.0,0.0,0.0,0.0,0.0,0.0,0.0,0.0,0.0,0.0,0.0,0.0,0.0,0.0,0.0,0.0,0.0,0.0,0.0,0.0,0.0,0.0,0.0,0.0,0.0,0.0,0.0,0.0,0.0,0.0,0.0,0.0,0.0,0.0,0.0,0.0,0.0,0.0,0.0,0.0,0.0,0.0,0.0,0.0,0.0,0.0,0.0,0.0,0.0,0.0,0.0,0.0,0.0,0.0,0.0,0.0,0.0,0.0,0.0,0.0,0.0,0.0,0.0,0.0,0.0,0.0,0.0,0.0,0.0,0.0,0.0,0.0,0.0,0.0,0.0,0.0,0.0,0.0,0.0,0.0,0.0,0.0,0.0,0.0,0.0,0.0,0.0,0.0,0.0,0.0,SO0064,PMFTI0064,ID047,ZAL,ORAL,TB115,V4,Illumina MiSeq,CCTACGGGNGGCWGCAG,GACTACHVGGGTATCTAATCC,amplicon,16S,V34,02.05.2019.,08.05.2019.,08.05.2019.,14.06.2019.,6,MID,ND,SUB-ADULT,20,53.5,53.5,51,HR,"HR, Aquarium Pula Rescue Center","HR, Kamenjak Albanež","44.7681° N, 13.9225° E",5,SPRING,2019
16S0064W,7744.0,57296.0,6008.0,141.0,283.0,1606.0,0.0,514.0,103.0,0.0,706.0,101.0,16.0,47.0,356.0,189.0,767.0,1063.0,26.0,234.0,144.0,77.0,0.0,0.0,566.0,803.0,2859.0,21.0,3886.0,0.0,456.0,106.0,58.0,7.0,11.0,32.0,10.0,344.0,120.0,21.0,0.0,0.0,172.0,0.0,0.0,525.0,8.0,19.0,0.0,4.0,0.0,0.0,0.0,279.0,715.0,20.0,0.0,0.0,104.0,145.0,0.0,0.0,0.0,0.0,0.0,4.0,6.0,0.0,71.0,0.0,0.0,131.0,0.0,0.0,0.0,0.0,30.0,14.0,0.0,14.0,16.0,0.0,0.0,0.0,14.0,11.0,0.0,0.0,6.0,0.0,0.0,8.0,0.0,0.0,0.0,0.0,0.0,0.0,0.0,0.0,5.0,6.0,0.0,0.0,0.0,0.0,0.0,FW0064,PMFTI0064,ID047,ZAL,TANK WATER,TB115,V4,Illumina MiSeq,CCTACGGGNGGCWGCAG,GACTACHVGGGTATCTAATCC,amplicon,16S,V34,02.05.2019.,08.05.2019.,08.05.2019.,14.06.2019.,6,MID,ND,SUB-ADULT,20,53.5,53.5,51,HR,"HR, Aquarium Pula Rescue Center","HR, Kamenjak Albanež","44.7681° N, 13.9225° E",5,SPRING,2019
16S0073C,29509.0,56335.0,945.0,1138.0,0.0,7534.0,31272.0,27226.0,0.0,0.0,57.0,0.0,0.0,0.0,878.0,0.0,6.0,0.0,0.0,3221.0,0.0,0.0,0.0,532.0,0.0,0.0,0.0,0.0,0.0,97.0,0.0,0.0,0.0,0.0,155.0,0.0,0.0,0.0,0.0,0.0,72.0,0.0,0.0,0.0,0.0,0.0,0.0,0.0,13.0,0.0,0.0,0.0,0.0,0.0,0.0,61.0,0.0,2.0,0.0,0.0,0.0,0.0,0.0,0.0,0.0,0.0,0.0,0.0,0.0,0.0,0.0,0.0,0.0,0.0,0.0,0.0,0.0,0.0,0.0,0.0,0.0,0.0,0.0,0.0,0.0,0.0,0.0,0.0,0.0,0.0,0.0,0.0,0.0,0.0,0.0,0.0,0.0,0.0,0.0,0.0,0.0,0.0,0.0,0.0,0.0,0.0,0.0,SC0073,PMFTI0073,ID056,SAMBA,CLOACA,TB117,V4,Illumina MiSeq,CCTACGGGNGGCWGCAG,GACTACHVGGGTATCTAATCC,amplicon,16S,V34,08.06.2019.,09.06.2019.,09.06.2019.,DECEASED 21.06.2019.,1,EARLY,FEMALE,ADULT,43,71,74,70,HR,"HR, Aquarium Pula Rescue Center","HR, Ston","42.8387° N, 17.6963° E",6,SPRING,2019
16S0073O,33268.0,47855.0,4922.0,91.0,9.0,9112.0,259.0,1635.0,0.0,23.0,90.0,0.0,0.0,0.0,0.0,7.0,0.0,0.0,0.0,86.0,29.0,8.0,0.0,0.0,2.0,97.0,0.0,0.0,0.0,0.0,6.0,12.0,0.0,0.0,34.0,0.0,0.0,0.0,0.0,0.0,0.0,0.0,0.0,44.0,0.0,0.0,0.0,0.0,11.0,0.0,0.0,0.0,0.0,0.0,0.0,0.0,0.0,0.0,0.0,0.0,0.0,0.0,0.0,0.0,0.0,0.0,0.0,0.0,0.0,0.0,0.0,0.0,3.0,0.0,0.0,9.0,0.0,0.0,0.0,0.0,0.0,0.0,0.0,0.0,0.0,0.0,0.0,0.0,0.0,0.0,0.0,0.0,0.0,0.0,0.0,0.0,0.0,0.0,0.0,0.0,0.0,0.0,0.0,0.0,0.0,0.0,0.0,SO0073,PMFTI0073,ID056,SAMBA,ORAL,TB117,V4,Illumina MiSeq,CCTACGGGNGGCWGCAG,GACTACHVGGGTATCTAATCC,amplicon,16S,V34,08.06.2019.,09.06.2019.,09.06.2019.,DECEASED 21.06.2019.,1,EARLY,FEMALE,ADULT,43,71,74,70,HR,"HR, Aquarium Pula Rescue Center","HR, Ston","42.8387° N, 17.6963° E",6,SPRING,2019
16S0073W,5686.0,23190.0,19776.0,12.0,20.0,592.0,29.0,104.0,83.0,0.0,2421.0,38.0,0.0,49.0,9.0,236.0,1968.0,586.0,0.0,15.0,134.0,5.0,8.0,0.0,487.0,1085.0,1160.0,0.0,3178.0,0.0,361.0,104.0,11.0,0.0,68.0,48.0,22.0,3244.0,238.0,23.0,0.0,0.0,55.0,0.0,0.0,1068.0,29.0,45.0,0.0,0.0,0.0,4.0,0.0,99.0,419.0,0.0,16.0,0.0,152.0,6.0,7.0,0.0,15.0,0.0,10.0,0.0,19.0,0.0,103.0,0.0,0.0,19.0,0.0,0.0,0.0,0.0,14.0,36.0,0.0,6.0,12.0,0.0,13.0,0.0,7.0,18.0,0.0,0.0,4.0,0.0,5.0,4.0,0.0,0.0,7.0,0.0,5.0,0.0,0.0,0.0,0.0,0.0,0.0,0.0,0.0,0.0,0.0,FW0073,PMFTI0073,ID056,SAMBA,TANK WATER,TB117,V4,Illumina MiSeq,CCTACGGGNGGCWGCAG,GACTACHVGGGTATCTAATCC,amplicon,16S,V34,08.06.2019.,09.06.2019.,09.06.2019.,DECEASED 21.06.2019.,1,EARLY,FEMALE,ADULT,43,71,74,70,HR,"HR, Aquarium Pula Rescue Center","HR, Ston","42.8387° N, 17.6963° E",6,SPRING,2019
16S0074C,39984.0,225489.0,2323.0,34635.0,11.0,13029.0,12501.0,920.0,0.0,0.0,831.0,0.0,0.0,0.0,9.0,0.0,0.0,0.0,0.0,27.0,0.0,0.0,0.0,0.0,8.0,0.0,0.0,0.0,0.0,0.0,0.0,0.0,0.0,0.0,0.0,0.0,0.0,0.0,0.0,0.0,30.0,0.0,0.0,0.0,0.0,0.0,5.0,0.0,0.0,0.0,0.0,0.0,0.0,0.0,0.0,0.0,0.0,0.0,0.0,0.0,0.0,0.0,0.0,0.0,0.0,0.0,0.0,0.0,0.0,0.0,0.0,0.0,0.0,0.0,0.0,0.0,0.0,0.0,0.0,0.0,0.0,0.0,0.0,0.0,0.0,0.0,0.0,0.0,0.0,0.0,0.0,0.0,0.0,0.0,0.0,0.0,0.0,0.0,0.0,0.0,0.0,0.0,0.0,0.0,0.0,0.0,0.0,SC0074,PMFTI0074,ID057,ANGELO,CLOACA,NA,NA,Illumina MiSeq,CCTACGGGNGGCWGCAG,GACTACHVGGGTATCTAATCC,amplicon,16S,V34,24.06.2019.,24.06.2019.,NA,26.06.2019.,0,EARLY,MALE,ADULT,51.6,58.3,77,71.6,IT,"IT, Centro cura tartarughe marine Bari","IT, Maratea","39.9985° N, 15.7185° E",6,SUMMER,2019
16S0074O,8875.0,94708.0,9505.0,0.0,26.0,2593.0,27.0,4039.0,0.0,243.0,230.0,0.0,147.0,11.0,0.0,46.0,9.0,0.0,9.0,1147.0,29.0,16.0,0.0,0.0,6.0,14.0,0.0,21.0,7.0,318.0,0.0,0.0,51.0,3.0,1256.0,0.0,0.0,0.0,0.0,0.0,1662.0,0.0,0.0,0.0,0.0,0.0,9.0,0.0,63.0,0.0,0.0,10.0,0.0,0.0,0.0,0.0,0.0,129.0,0.0,0.0,0.0,179.0,64.0,0.0,0.0,0.0,0.0,0.0,0.0,0.0,0.0,0.0,15.0,0.0,0.0,30.0,0.0,0.0,0.0,0.0,0.0,0.0,0.0,0.0,0.0,0.0,20.0,0.0,0.0,0.0,0.0,0.0,0.0,0.0,0.0,0.0,0.0,0.0,0.0,0.0,0.0,0.0,0.0,0.0,0.0,0.0,0.0,SO0074,PMFTI0074,ID057,ANGELO,ORAL,NA,NA,Illumina MiSeq,CCTACGGGNGGCWGCAG,GACTACHVGGGTATCTAATCC,amplicon,16S,V34,24.06.2019.,24.06.2019.,NA,26.06.2019.,0,EARLY,MALE,ADULT,51.6,58.3,77,71.6,IT,"IT, Centro cura tartarughe marine Bari","IT, Maratea","39.9985° N, 15.7185° E",6,SUMMER,2019
16S0084C,41202.0,36618.0,2062.0,147.0,0.0,8259.0,121.0,2197.0,0.0,4143.0,900.0,2.0,0.0,0.0,0.0,8.0,32.0,0.0,0.0,21.0,0.0,0.0,0.0,20.0,0.0,31.0,0.0,0.0,7.0,0.0,269.0,11.0,0.0,0.0,0.0,0.0,122.0,0.0,0.0,0.0,0.0,0.0,0.0,0.0,0.0,0.0,0.0,0.0,0.0,0.0,0.0,0.0,0.0,0.0,0.0,0.0,0.0,0.0,0.0,0.0,0.0,0.0,0.0,0.0,0.0,0.0,0.0,0.0,0.0,0.0,0.0,0.0,0.0,0.0,0.0,0.0,0.0,0.0,0.0,0.0,0.0,0.0,0.0,0.0,0.0,0.0,0.0,0.0,0.0,0.0,0.0,0.0,0.0,0.0,0.0,0.0,0.0,0.0,0.0,0.0,0.0,0.0,0.0,0.0,0.0,0.0,0.0,SC0084,PMFTI0084,ID010,MERRY FISHER,CLOACA,TB139,V4,Illumina MiSeq,CCTACGGGNGGCWGCAG,GACTACHVGGGTATCTAATCC,amplicon,16S,V34,08.12.2018.,25.10.2019.,25.10.2019.,04.11.2019.,321,LATE,FEMALE,ADULT,46.5,69,69.7,64,HR,"HR, Aquarium Pula Rescue Center","HR, Korčula","42.9584° N, 17.1342° E",10,AUTUMN,2019
16S0084W,84905.0,95527.0,37330.0,0.0,1025.0,1580.0,21.0,6.0,39.0,14.0,315.0,5205.0,10.0,42.0,17.0,15.0,0.0,0.0,4270.0,0.0,454.0,0.0,0.0,0.0,85.0,456.0,0.0,0.0,14.0,2.0,0.0,0.0,7.0,0.0,0.0,3.0,138.0,4.0,15.0,0.0,0.0,8.0,347.0,0.0,0.0,28.0,0.0,5.0,0.0,0.0,0.0,0.0,0.0,0.0,6.0,0.0,531.0,0.0,0.0,0.0,0.0,0.0,0.0,12.0,0.0,0.0,0.0,0.0,4.0,0.0,0.0,0.0,0.0,0.0,0.0,0.0,0.0,0.0,0.0,0.0,19.0,0.0,0.0,24.0,0.0,0.0,0.0,0.0,0.0,0.0,0.0,0.0,0.0,0.0,0.0,6.0,0.0,0.0,4.0,0.0,0.0,0.0,0.0,0.0,0.0,2.0,0.0,FW0084,PMFTI0084,ID011,MERRY FISHER,TANK WATER,TB139,V4,Illumina MiSeq,CCTACGGGNGGCWGCAG,GACTACHVGGGTATCTAATCC,amplicon,16S,V34,08.12.2018.,25.10.2019.,25.10.2019.,04.11.2019.,321,LATE,FEMALE,ADULT,46.5,69,69.7,64,HR,"HR, Aquarium Pula Rescue Center","HR, Korčula","42.9584° N, 17.1342° E",10,AUTUMN,2019
16S0087C,31302.0,80340.0,1392.0,8899.0,11929.0,1148.0,177.0,11701.0,0.0,0.0,0.0,0.0,0.0,0.0,0.0,0.0,0.0,0.0,0.0,2555.0,0.0,0.0,0.0,6358.0,0.0,0.0,0.0,0.0,0.0,0.0,0.0,48.0,0.0,582.0,14.0,0.0,0.0,0.0,0.0,0.0,0.0,0.0,0.0,0.0,0.0,0.0,0.0,0.0,0.0,0.0,0.0,0.0,0.0,0.0,0.0,12.0,0.0,0.0,0.0,0.0,0.0,0.0,0.0,0.0,0.0,0.0,0.0,0.0,0.0,0.0,0.0,0.0,0.0,0.0,0.0,0.0,0.0,0.0,0.0,0.0,0.0,0.0,0.0,0.0,0.0,0.0,0.0,0.0,0.0,0.0,0.0,0.0,0.0,0.0,0.0,0.0,0.0,0.0,0.0,0.0,0.0,0.0,0.0,0.0,0.0,0.0,0.0,SC0087,PMFTI0087,ID069,KANOOH,CLOACA,TB145,V4,Illumina MiSeq,CCTACGGGNGGCWGCAG,GACTACHVGGGTATCTAATCC,amplicon,16S,V34,23.07.2019.,25.07.2019.,25.07.2019.,NA,2,EARLY,ND,JUVENILE,13,46.5,46.5,52.5,IT,"IT, Centro cura tartarughe marine Bari","IT, Molfetta Bari","41.2028° N, 16.5987° E",7,SUMMER,2019
16S0087O,22712.0,42515.0,43975.0,457.0,119.0,2697.0,115.0,2352.0,0.0,0.0,304.0,0.0,0.0,0.0,0.0,0.0,0.0,0.0,0.0,347.0,13.0,0.0,0.0,47.0,0.0,0.0,0.0,0.0,0.0,0.0,0.0,0.0,0.0,0.0,63.0,0.0,0.0,0.0,0.0,0.0,16.0,0.0,0.0,0.0,0.0,0.0,10.0,0.0,0.0,0.0,0.0,0.0,67.0,3.0,0.0,0.0,0.0,0.0,0.0,3.0,0.0,0.0,0.0,0.0,0.0,0.0,0.0,0.0,0.0,0.0,34.0,0.0,0.0,0.0,0.0,0.0,0.0,5.0,0.0,0.0,0.0,0.0,0.0,0.0,0.0,0.0,0.0,0.0,0.0,0.0,0.0,0.0,0.0,0.0,0.0,0.0,0.0,0.0,0.0,0.0,0.0,0.0,0.0,0.0,0.0,0.0,0.0,SO0087,PMFTI0087,ID068,KANOOH,ORAL,TB145,V4,Illumina MiSeq,CCTACGGGNGGCWGCAG,GACTACHVGGGTATCTAATCC,amplicon,16S,V34,23.07.2019.,25.07.2019.,25.07.2019.,NA,2,EARLY,ND,JUVENILE,13,46.5,46.5,52.5,IT,"IT, Centro cura tartarughe marine Bari","IT, Molfetta Bari","41.2028° N, 16.5987° E",7,SUMMER,2019
16S0088C,10946.0,17403.0,1663.0,0.0,109.0,240.0,373.0,57.0,6.0,602.0,197.0,2.0,65.0,37.0,0.0,566.0,150.0,0.0,0.0,0.0,21.0,0.0,0.0,0.0,20.0,13.0,0.0,31.0,11.0,12.0,29.0,4.0,2.0,0.0,0.0,0.0,3.0,0.0,17.0,0.0,0.0,0.0,3.0,0.0,0.0,0.0,0.0,0.0,0.0,0.0,0.0,3.0,0.0,4.0,0.0,0.0,0.0,0.0,0.0,0.0,0.0,0.0,0.0,0.0,0.0,0.0,0.0,0.0,0.0,0.0,0.0,0.0,0.0,0.0,0.0,0.0,0.0,0.0,0.0,0.0,0.0,0.0,0.0,0.0,0.0,0.0,0.0,0.0,0.0,0.0,0.0,0.0,0.0,0.0,0.0,0.0,0.0,0.0,0.0,0.0,0.0,0.0,0.0,0.0,0.0,0.0,0.0,SC0088,PMFTI0088,ID69,KANFUS,CLOACA,NA,NA,Illumina MiSeq,CCTACGGGNGGCWGCAG,GACTACHVGGGTATCTAATCC,amplicon,16S,V34,22.07.2019.,22.07.2019.,NA,NA,0,EARLY,ND,JUVENILE,13.1,44.7,49,45.5,IT,"IT, Centro cura tartarughe marine Bari","IT, Molfetta Bari","41.2028° N, 16.5987° E",7,SUMMER,2019
16S0088O,1596.0,15566.0,2119.0,0.0,3.0,157.0,11351.0,126.0,0.0,4.0,1740.0,0.0,101.0,0.0,0.0,8.0,0.0,0.0,0.0,2.0,0.0,0.0,0.0,0.0,7.0,10.0,0.0,0.0,0.0,26.0,35.0,0.0,0.0,0.0,4.0,0.0,7.0,0.0,11.0,0.0,14.0,0.0,0.0,0.0,0.0,0.0,0.0,0.0,3.0,0.0,0.0,3.0,0.0,0.0,0.0,0.0,0.0,0.0,0.0,0.0,0.0,0.0,0.0,0.0,0.0,0.0,5.0,4.0,0.0,0.0,0.0,0.0,0.0,0.0,0.0,0.0,0.0,9.0,0.0,0.0,0.0,0.0,0.0,0.0,0.0,0.0,0.0,0.0,0.0,0.0,0.0,0.0,0.0,0.0,0.0,0.0,0.0,0.0,0.0,0.0,0.0,0.0,0.0,0.0,0.0,0.0,2.0,SO0088,PMFTI0088,ID69,KANFUS,ORAL,NA,NA,Illumina MiSeq,CCTACGGGNGGCWGCAG,GACTACHVGGGTATCTAATCC,amplicon,16S,V34,22.07.2019.,22.07.2019.,NA,NA,0,EARLY,ND,JUVENILE,13.1,44.7,49,45.5,IT,"IT, Centro cura tartarughe marine Bari","IT, Molfetta Bari","41.2028° N, 16.5987° E",7,SUMMER,2019
16S0089C,53890.0,61182.0,11357.0,71.0,150.0,2980.0,17.0,1030.0,0.0,107.0,440.0,0.0,0.0,183.0,0.0,0.0,0.0,0.0,17.0,56.0,0.0,0.0,0.0,3.0,0.0,31.0,0.0,26.0,0.0,0.0,163.0,0.0,0.0,0.0,44.0,0.0,0.0,0.0,0.0,0.0,0.0,0.0,0.0,0.0,0.0,0.0,40.0,0.0,0.0,0.0,0.0,0.0,0.0,0.0,0.0,0.0,0.0,0.0,0.0,0.0,0.0,0.0,0.0,0.0,8.0,0.0,0.0,0.0,0.0,0.0,0.0,0.0,0.0,0.0,0.0,0.0,0.0,0.0,0.0,0.0,0.0,0.0,0.0,0.0,0.0,0.0,0.0,0.0,0.0,0.0,0.0,0.0,0.0,0.0,0.0,0.0,0.0,0.0,0.0,0.0,0.0,0.0,0.0,0.0,0.0,0.0,0.0,SC0089,PMFTI0089,ID070,FUTON,CLOACA,TB149,V4,Illumina MiSeq,CCTACGGGNGGCWGCAG,GACTACHVGGGTATCTAATCC,amplicon,16S,V34,23.07.2019.,24.07.2019.,24.07.2019.,NA,1,EARLY,ND,JUVENILE,11.5,45,43,40.5,IT,"IT, Centro cura tartarughe marine Bari","IT, Molfetta Bari","41.2028° N, 16.5987° E",7,SUMMER,2019
16S0089O,21592.0,46867.0,29688.0,218.0,207.0,2322.0,31.0,3797.0,0.0,0.0,405.0,4.0,0.0,136.0,0.0,5.0,0.0,0.0,67.0,860.0,12.0,0.0,0.0,40.0,18.0,14.0,0.0,182.0,0.0,83.0,372.0,0.0,0.0,73.0,123.0,0.0,13.0,0.0,0.0,0.0,27.0,0.0,0.0,0.0,0.0,0.0,17.0,0.0,0.0,0.0,0.0,13.0,216.0,0.0,0.0,0.0,0.0,0.0,0.0,0.0,0.0,0.0,0.0,0.0,112.0,0.0,0.0,34.0,0.0,0.0,34.0,0.0,0.0,0.0,0.0,0.0,0.0,0.0,0.0,0.0,0.0,0.0,0.0,0.0,0.0,0.0,0.0,0.0,0.0,0.0,0.0,0.0,0.0,0.0,0.0,0.0,0.0,0.0,0.0,0.0,0.0,3.0,0.0,0.0,0.0,0.0,0.0,SO0089,PMFTI0089,ID070,FUTON,ORAL,TB149,V4,Illumina MiSeq,CCTACGGGNGGCWGCAG,GACTACHVGGGTATCTAATCC,amplicon,16S,V34,23.07.2019.,24.07.2019.,24.07.2019.,NA,1,EARLY,ND,JUVENILE,11.5,45,43,40.5,IT,"IT, Centro cura tartarughe marine Bari","IT, Molfetta Bari","41.2028° N, 16.5987° E",7,SUMMER,2019
16S0090C,5570.0,20443.0,5055.0,0.0,4.0,1327.0,62.0,231.0,0.0,14.0,115.0,61.0,28.0,7.0,8.0,371.0,99.0,0.0,2.0,0.0,0.0,0.0,0.0,0.0,68.0,18.0,0.0,0.0,18.0,0.0,25.0,0.0,0.0,0.0,0.0,0.0,56.0,0.0,0.0,0.0,0.0,0.0,0.0,0.0,0.0,0.0,0.0,0.0,0.0,0.0,0.0,0.0,0.0,0.0,0.0,0.0,0.0,0.0,0.0,0.0,0.0,0.0,0.0,0.0,0.0,0.0,0.0,0.0,0.0,74.0,0.0,0.0,0.0,0.0,0.0,0.0,0.0,0.0,0.0,3.0,0.0,0.0,0.0,0.0,0.0,0.0,0.0,0.0,0.0,0.0,0.0,0.0,0.0,0.0,0.0,0.0,0.0,0.0,0.0,0.0,0.0,0.0,0.0,0.0,0.0,0.0,0.0,SC0090,PMFTI0090,ID071,COSMYN,CLOACA,TB151,V4,Illumina MiSeq,CCTACGGGNGGCWGCAG,GACTACHVGGGTATCTAATCC,amplicon,16S,V34,23.10.2019.,23.10.2019.,23.10.2019.,NA,0,EARLY,ND,SUB-ADULT,31.8,58.7,65.2,60.5,IT,"IT, Centro cura tartarughe marine Bari","IT, Margherita di Savoia","41.3740° N, 16.1512° E",10,AUTUMN,2019
16S0090O,65488.0,67298.0,41619.0,0.0,38.0,1785.0,15.0,267.0,9.0,219.0,1895.0,3.0,9202.0,302.0,0.0,2514.0,102.0,57.0,0.0,8.0,8.0,60.0,0.0,0.0,500.0,1895.0,0.0,0.0,459.0,233.0,1609.0,0.0,5.0,0.0,153.0,0.0,19.0,0.0,197.0,0.0,0.0,0.0,5.0,0.0,38.0,2.0,0.0,0.0,0.0,26.0,0.0,82.0,0.0,0.0,0.0,0.0,0.0,9.0,0.0,0.0,0.0,0.0,31.0,0.0,0.0,0.0,0.0,0.0,0.0,0.0,0.0,22.0,0.0,0.0,0.0,0.0,0.0,0.0,0.0,0.0,0.0,0.0,0.0,0.0,0.0,0.0,0.0,0.0,0.0,10.0,0.0,0.0,0.0,0.0,2.0,0.0,0.0,0.0,0.0,0.0,0.0,0.0,0.0,0.0,0.0,0.0,0.0,SO0090,PMFTI0090,ID071,COSMYN,ORAL,TB151,V4,Illumina MiSeq,CCTACGGGNGGCWGCAG,GACTACHVGGGTATCTAATCC,amplicon,16S,V34,23.10.2019.,23.10.2019.,23.10.2019.,NA,0,EARLY,ND,SUB-ADULT,31.8,58.7,65.2,60.5,IT,"IT, Centro cura tartarughe marine Bari","IT, Margherita di Savoia","41.3740° N, 16.1512° E",10,AUTUMN,2019
16S0092C,5503.0,22365.0,1585.0,3168.0,0.0,8743.0,1484.0,130.0,0.0,0.0,82.0,0.0,0.0,0.0,107.0,0.0,0.0,0.0,0.0,107.0,0.0,0.0,0.0,5.0,0.0,0.0,0.0,0.0,0.0,0.0,6.0,0.0,0.0,0.0,0.0,0.0,0.0,0.0,0.0,0.0,126.0,0.0,0.0,0.0,0.0,0.0,0.0,0.0,0.0,0.0,0.0,0.0,0.0,0.0,0.0,0.0,0.0,0.0,0.0,0.0,0.0,0.0,0.0,0.0,0.0,0.0,0.0,0.0,0.0,0.0,0.0,0.0,0.0,0.0,0.0,0.0,0.0,0.0,0.0,0.0,0.0,0.0,0.0,0.0,0.0,0.0,0.0,0.0,0.0,0.0,0.0,0.0,0.0,0.0,0.0,0.0,0.0,0.0,0.0,0.0,0.0,0.0,0.0,0.0,3.0,0.0,0.0,SC0092,PMFTI0092,ID057,ANGELO,CLOACA,TB119,V4,Illumina MiSeq,CCTACGGGNGGCWGCAG,GACTACHVGGGTATCTAATCC,amplicon,16S,V34,24.06.2019.,26.06.2019.,26.06.2019.,26.06.2019.,2,EARLY,MALE,ADULT,51.6,58.3,77,71.6,IT,"IT, Centro cura tartarughe marine Bari","IT, Maratea","39.9985° N, 15.7185° E",6,SUMMER,2019
16S0092O,2.0,0.0,0.0,0.0,0.0,0.0,0.0,0.0,0.0,0.0,0.0,0.0,0.0,0.0,0.0,0.0,0.0,0.0,0.0,0.0,0.0,0.0,0.0,0.0,0.0,0.0,0.0,0.0,0.0,0.0,0.0,0.0,0.0,0.0,0.0,0.0,0.0,0.0,0.0,0.0,0.0,0.0,0.0,0.0,0.0,0.0,0.0,0.0,0.0,0.0,0.0,0.0,0.0,0.0,0.0,0.0,0.0,0.0,0.0,0.0,0.0,0.0,0.0,0.0,0.0,0.0,0.0,0.0,0.0,0.0,0.0,0.0,0.0,0.0,0.0,0.0,0.0,0.0,0.0,0.0,0.0,0.0,0.0,0.0,0.0,0.0,0.0,0.0,0.0,0.0,0.0,0.0,0.0,0.0,0.0,0.0,0.0,0.0,0.0,0.0,0.0,0.0,0.0,0.0,0.0,0.0,0.0,SO0092,PMFTI0092,ID057,ANGELO,ORAL,TB119,V4,Illumina MiSeq,CCTACGGGNGGCWGCAG,GACTACHVGGGTATCTAATCC,amplicon,16S,V34,24.06.2019.,26.06.2019.,26.06.2019.,26.06.2019.,2,EARLY,MALE,ADULT,51.6,58.3,77,71.6,IT,"IT, Centro cura tartarughe marine Bari","IT, Maratea","39.9985° N, 15.7185° E",6,SUMMER,2019
16S0093C,38485.0,44427.0,16300.0,4.0,0.0,1890.0,0.0,38.0,38.0,108.0,724.0,0.0,303.0,575.0,0.0,2587.0,25.0,113.0,0.0,6.0,43.0,328.0,7.0,0.0,269.0,560.0,133.0,0.0,1540.0,9.0,0.0,0.0,14.0,0.0,4.0,9.0,9.0,8.0,185.0,0.0,0.0,0.0,0.0,0.0,141.0,0.0,0.0,10.0,0.0,4.0,0.0,22.0,0.0,0.0,0.0,0.0,0.0,0.0,0.0,0.0,9.0,0.0,0.0,0.0,0.0,0.0,0.0,0.0,0.0,0.0,0.0,0.0,0.0,0.0,0.0,3.0,0.0,0.0,0.0,0.0,0.0,0.0,0.0,0.0,0.0,0.0,0.0,0.0,0.0,0.0,0.0,0.0,0.0,0.0,0.0,0.0,0.0,0.0,0.0,0.0,0.0,0.0,0.0,0.0,0.0,0.0,0.0,SC0093,PMFTI0093,ID073,MARVIN,CLOACA,TB155,V4,Illumina MiSeq,CCTACGGGNGGCWGCAG,GACTACHVGGGTATCTAATCC,amplicon,16S,V34,10.11.2019.,20.11.2019.,20.11.2019.,16.06.2020.,10,MID,ND,JUVENILE,3.97,31.7,32.2,29.5,HR,"HR, Aquarium Pula Rescue Center","HR, Kamenjak Premantura","44.8031° N, 13.9127° E",11,AUTUMN,2019
16S0093O,67257.0,108960.0,16531.0,3103.0,128.0,11078.0,235.0,33884.0,2.0,30.0,1094.0,186.0,405.0,294.0,311.0,432.0,2051.0,7.0,0.0,777.0,67.0,14.0,0.0,0.0,1320.0,513.0,0.0,28.0,519.0,0.0,323.0,13.0,20.0,1167.0,14.0,0.0,1136.0,5.0,54.0,3.0,9.0,0.0,0.0,0.0,6.0,0.0,20.0,0.0,113.0,0.0,0.0,14.0,0.0,0.0,0.0,0.0,0.0,0.0,0.0,0.0,7.0,0.0,0.0,0.0,0.0,0.0,0.0,0.0,9.0,18.0,0.0,0.0,0.0,0.0,0.0,0.0,0.0,0.0,0.0,8.0,0.0,8.0,0.0,0.0,0.0,8.0,0.0,0.0,0.0,0.0,0.0,0.0,0.0,0.0,0.0,0.0,5.0,0.0,0.0,0.0,0.0,0.0,0.0,0.0,0.0,0.0,0.0,SO0093,PMFTI0093,ID073,MARVIN,ORAL,TB155,V4,Illumina MiSeq,CCTACGGGNGGCWGCAG,GACTACHVGGGTATCTAATCC,amplicon,16S,V34,10.11.2019.,20.11.2019.,20.11.2019.,16.06.2020.,10,MID,ND,JUVENILE,3.97,31.7,32.2,29.5,HR,"HR, Aquarium Pula Rescue Center","HR, Kamenjak Premantura","44.8031° N, 13.9127° E",11,AUTUMN,2019
16S0093W,14010.0,29038.0,2775.0,20.0,0.0,848.0,5.0,183.0,17.0,0.0,200.0,2.0,0.0,11.0,0.0,177.0,1713.0,354.0,0.0,70.0,30.0,3.0,0.0,0.0,622.0,812.0,335.0,0.0,1360.0,0.0,473.0,6.0,34.0,0.0,0.0,33.0,31.0,422.0,31.0,0.0,6.0,0.0,31.0,0.0,0.0,129.0,4.0,8.0,0.0,4.0,0.0,4.0,0.0,168.0,566.0,0.0,6.0,0.0,143.0,7.0,0.0,0.0,0.0,0.0,4.0,83.0,0.0,0.0,203.0,0.0,0.0,12.0,0.0,3.0,0.0,0.0,0.0,5.0,5.0,17.0,0.0,0.0,22.0,0.0,12.0,12.0,0.0,0.0,5.0,0.0,0.0,0.0,0.0,0.0,6.0,0.0,0.0,0.0,0.0,0.0,0.0,3.0,0.0,4.0,0.0,0.0,0.0,FW0093,PMFTI0093,ID073,MARVIN,TANK WATER,TB155,V4,Illumina MiSeq,CCTACGGGNGGCWGCAG,GACTACHVGGGTATCTAATCC,amplicon,16S,V34,10.11.2019.,20.11.2019.,20.11.2019.,16.06.2020.,10,MID,ND,JUVENILE,3.97,31.7,32.2,29.5,HR,"HR, Aquarium Pula Rescue Center","HR, Kamenjak Premantura","44.8031° N, 13.9127° E",11,AUTUMN,2019
16S0094C,28972.0,48697.0,6163.0,146.0,5.0,652.0,204.0,4396.0,0.0,0.0,81.0,0.0,23.0,4.0,5765.0,158.0,0.0,0.0,0.0,1449.0,0.0,0.0,0.0,38.0,281.0,361.0,0.0,0.0,82.0,0.0,0.0,460.0,0.0,270.0,0.0,0.0,63.0,0.0,0.0,0.0,0.0,0.0,2.0,0.0,0.0,0.0,0.0,0.0,0.0,0.0,0.0,7.0,0.0,0.0,0.0,8.0,0.0,0.0,0.0,0.0,0.0,0.0,0.0,81.0,0.0,0.0,0.0,0.0,142.0,0.0,0.0,0.0,0.0,0.0,21.0,0.0,0.0,0.0,0.0,0.0,0.0,0.0,0.0,0.0,0.0,0.0,0.0,0.0,0.0,0.0,0.0,0.0,0.0,0.0,0.0,0.0,0.0,0.0,0.0,0.0,0.0,0.0,0.0,0.0,0.0,0.0,0.0,SC0094,PMFTI0094,ID074,RYAN,CLOACA,TB157,V4,Illumina MiSeq,CCTACGGGNGGCWGCAG,GACTACHVGGGTATCTAATCC,amplicon,16S,V34,18.11.2019.,20.11.2019.,20.11.2019.,DECEASED 08.02.2020.,2,EARLY,ND,JUVENILE,2.65,28.8,29.2,26.8,HR,"HR, Aquarium Pula Rescue Center","HR, Ližnjan Lakošaše bay","44.8164° N, 13.9930° E",11,AUTUMN,2019
16S0094O,0.0,890.0,472.0,0.0,3.0,0.0,27.0,9.0,0.0,0.0,40.0,36.0,0.0,0.0,0.0,0.0,0.0,0.0,0.0,0.0,0.0,0.0,0.0,0.0,0.0,0.0,0.0,0.0,0.0,0.0,0.0,0.0,0.0,0.0,0.0,0.0,0.0,0.0,0.0,0.0,0.0,0.0,0.0,0.0,0.0,0.0,0.0,0.0,0.0,0.0,0.0,0.0,0.0,0.0,0.0,0.0,0.0,0.0,0.0,0.0,0.0,0.0,0.0,0.0,0.0,0.0,0.0,0.0,0.0,0.0,0.0,0.0,0.0,0.0,0.0,0.0,0.0,4.0,0.0,0.0,0.0,0.0,0.0,0.0,0.0,0.0,0.0,0.0,0.0,0.0,0.0,0.0,0.0,0.0,0.0,0.0,0.0,0.0,0.0,0.0,0.0,0.0,0.0,0.0,0.0,0.0,0.0,SO0094,PMFTI0094,ID074,RYAN,ORAL,TB157,V4,Illumina MiSeq,CCTACGGGNGGCWGCAG,GACTACHVGGGTATCTAATCC,amplicon,16S,V34,18.11.2019.,20.11.2019.,20.11.2019.,DECEASED 08.02.2020.,2,EARLY,ND,JUVENILE,2.65,28.8,29.2,26.8,HR,"HR, Aquarium Pula Rescue Center","HR, Ližnjan Lakošaše bay","44.8164° N, 13.9930° E",11,AUTUMN,2019
16S0113C,100.0,1038.0,281.0,0.0,5.0,3.0,27.0,36.0,0.0,3.0,14.0,20.0,4.0,0.0,6.0,0.0,0.0,0.0,0.0,6.0,0.0,0.0,0.0,0.0,0.0,0.0,0.0,0.0,0.0,0.0,4.0,0.0,2.0,8.0,0.0,0.0,0.0,0.0,0.0,0.0,0.0,0.0,0.0,0.0,0.0,0.0,0.0,0.0,0.0,0.0,0.0,0.0,0.0,4.0,0.0,0.0,0.0,0.0,0.0,5.0,0.0,0.0,0.0,0.0,0.0,0.0,0.0,0.0,0.0,9.0,0.0,0.0,0.0,0.0,0.0,0.0,0.0,16.0,0.0,0.0,0.0,0.0,0.0,0.0,0.0,0.0,0.0,0.0,0.0,0.0,0.0,0.0,0.0,0.0,0.0,0.0,6.0,0.0,0.0,0.0,0.0,5.0,0.0,0.0,0.0,0.0,0.0,SC0113,PMFTI0113,ID093,ELLA-RAVKA,CLOACA,TB159,V34,Illumina MiSeq,CCTACGGGNGGCWGCAG,GACTACHVGGGTATCTAATCC,amplicon,16S,V34,30.06.2020.,30.06.2020.,30.06.2020.,26.10.2021.,0,EARLY,ND,SUB-ADULT,26.1,60,62,58,HR,"HR, Aquarium Pula Rescue Center","HR, Zadar Jazine bay","44.1194° N, 15.2314° E",6,SUMMER,2020
16S0113O,23278.0,150336.0,15885.0,105.0,1347.0,9016.0,143.0,2481.0,345.0,1460.0,1152.0,2.0,1674.0,13.0,0.0,1716.0,500.0,5.0,0.0,381.0,2000.0,516.0,20.0,0.0,1256.0,682.0,14.0,167.0,165.0,1243.0,323.0,0.0,20.0,18.0,1035.0,0.0,73.0,0.0,989.0,0.0,494.0,0.0,0.0,337.0,22.0,6.0,9.0,27.0,41.0,8.0,0.0,167.0,0.0,0.0,0.0,0.0,0.0,19.0,0.0,0.0,4.0,0.0,65.0,0.0,10.0,0.0,5.0,5.0,0.0,0.0,0.0,0.0,5.0,0.0,0.0,23.0,0.0,0.0,0.0,0.0,0.0,0.0,0.0,0.0,0.0,14.0,0.0,0.0,0.0,0.0,9.0,0.0,0.0,0.0,0.0,0.0,0.0,0.0,0.0,0.0,0.0,0.0,0.0,0.0,0.0,0.0,0.0,SO0113,PMFTI0113,ID093,ELLA-RAVKA,ORAL,TB159,V34,Illumina MiSeq,CCTACGGGNGGCWGCAG,GACTACHVGGGTATCTAATCC,amplicon,16S,V34,30.06.2020.,30.06.2020.,30.06.2020.,26.10.2021.,0,EARLY,ND,SUB-ADULT,26.1,60,62,58,HR,"HR, Aquarium Pula Rescue Center","HR, Zadar Jazine bay","44.1194° N, 15.2314° E",6,SUMMER,2020
16S0117C,77886.0,722.0,33.0,3077.0,0.0,1260.0,1810.0,21266.0,0.0,0.0,7.0,0.0,0.0,0.0,0.0,0.0,0.0,0.0,0.0,422.0,0.0,0.0,0.0,0.0,0.0,0.0,0.0,0.0,0.0,0.0,0.0,0.0,0.0,0.0,0.0,0.0,0.0,0.0,0.0,0.0,42.0,0.0,0.0,0.0,0.0,0.0,0.0,0.0,0.0,0.0,0.0,0.0,0.0,0.0,0.0,28.0,0.0,0.0,0.0,0.0,0.0,0.0,0.0,0.0,0.0,0.0,0.0,0.0,0.0,0.0,0.0,0.0,0.0,0.0,0.0,0.0,0.0,0.0,0.0,0.0,0.0,0.0,0.0,0.0,0.0,0.0,0.0,0.0,0.0,0.0,0.0,0.0,0.0,0.0,0.0,0.0,0.0,0.0,0.0,0.0,0.0,0.0,0.0,0.0,0.0,0.0,0.0,SC0117,PMFTI0117,ID096,MARO,CLOACA,TB167,V34,Illumina MiSeq,CCTACGGGNGGCWGCAG,GACTACHVGGGTATCTAATCC,amplicon,16S,V34,25.06.2020.,21.07.2020.,21.07.2020.,16.6.2021.,26,LATE,FEMALE,SUB-ADULT,31.5,65,67,63.2,HR,"HR, Aquarium Pula Rescue Center","HR, Korčula","42.9625° N, 17.1333° E",7,SUMMER,2020
16S0117O,34908.0,88471.0,9021.0,114.0,992.0,25609.0,1144.0,2987.0,13.0,344.0,4956.0,0.0,0.0,259.0,0.0,47.0,15.0,0.0,22.0,204.0,0.0,0.0,0.0,0.0,185.0,264.0,0.0,19.0,0.0,27.0,28.0,5.0,22.0,67.0,46.0,0.0,0.0,0.0,21.0,11.0,24.0,0.0,3.0,0.0,0.0,0.0,0.0,0.0,90.0,0.0,0.0,0.0,0.0,12.0,0.0,0.0,0.0,0.0,0.0,0.0,0.0,0.0,56.0,0.0,0.0,0.0,0.0,0.0,0.0,0.0,0.0,0.0,0.0,0.0,0.0,8.0,0.0,0.0,0.0,0.0,0.0,0.0,0.0,0.0,0.0,0.0,0.0,0.0,0.0,0.0,0.0,0.0,0.0,0.0,0.0,0.0,0.0,0.0,0.0,0.0,0.0,0.0,0.0,0.0,0.0,0.0,0.0,SO0117,PMFTI0117,ID096,MARO,ORAL,TB167,V34,Illumina MiSeq,CCTACGGGNGGCWGCAG,GACTACHVGGGTATCTAATCC,amplicon,16S,V34,25.06.2020.,21.07.2020.,21.07.2020.,16.6.2021.,26,LATE,FEMALE,SUB-ADULT,31.5,65,67,63.2,HR,"HR, Aquarium Pula Rescue Center","HR, Korčula","42.9625° N, 17.1333° E",7,SUMMER,2020
16S0117W,492434.0,103214.0,208046.0,105.0,4299.0,1923.0,53.0,144.0,98.0,0.0,79.0,0.0,0.0,7445.0,0.0,3.0,47.0,6502.0,3.0,24.0,135.0,0.0,0.0,0.0,551.0,3522.0,95.0,27.0,1207.0,0.0,189.0,0.0,15.0,0.0,0.0,0.0,71.0,208.0,183.0,326.0,0.0,0.0,2.0,0.0,0.0,0.0,7.0,4.0,0.0,0.0,5.0,24.0,0.0,11.0,0.0,15.0,0.0,0.0,5.0,0.0,0.0,0.0,0.0,0.0,0.0,0.0,0.0,0.0,0.0,0.0,0.0,2.0,0.0,2.0,0.0,0.0,0.0,0.0,0.0,0.0,10.0,0.0,40.0,0.0,0.0,0.0,0.0,0.0,0.0,0.0,0.0,0.0,0.0,0.0,0.0,0.0,0.0,10.0,0.0,0.0,0.0,0.0,0.0,0.0,0.0,0.0,0.0,WF0117,PMFTI0117,ID096,MARO,TANK WATER,TB167,V34,Illumina MiSeq,CCTACGGGNGGCWGCAG,GACTACHVGGGTATCTAATCC,amplicon,16S,V34,25.06.2020.,21.07.2020.,21.07.2020.,16.6.2021.,26,LATE,FEMALE,SUB-ADULT,31.5,65,67,63.2,HR,"HR, Aquarium Pula Rescue Center","HR, Korčula","42.9625° N, 17.1333° E",7,SUMMER,2020
16S0118C,10111.0,9008.0,4752.0,0.0,11.0,736.0,9.0,991.0,327.0,0.0,243.0,2.0,0.0,70.0,0.0,60.0,798.0,9.0,57.0,0.0,164.0,0.0,11.0,0.0,0.0,99.0,0.0,29.0,0.0,0.0,0.0,0.0,29.0,0.0,0.0,8.0,342.0,0.0,228.0,0.0,34.0,0.0,14.0,0.0,0.0,0.0,0.0,0.0,0.0,14.0,0.0,37.0,0.0,4.0,0.0,8.0,0.0,0.0,0.0,0.0,0.0,0.0,0.0,0.0,0.0,0.0,0.0,0.0,0.0,0.0,0.0,0.0,0.0,0.0,0.0,0.0,0.0,16.0,0.0,0.0,0.0,10.0,12.0,0.0,0.0,0.0,0.0,0.0,0.0,0.0,0.0,0.0,0.0,0.0,0.0,0.0,0.0,0.0,0.0,0.0,0.0,0.0,0.0,0.0,4.0,0.0,0.0,SC0118,PMFTI0118,ID096,MARO,CLOACA,NA,NA,Illumina MiSeq,CCTACGGGNGGCWGCAG,GACTACHVGGGTATCTAATCC,amplicon,16S,V34,25.06.2020.,20.08.2020.,NA,16.6.2021.,56,LATE,FEMALE,SUB-ADULT,31.5,65,67,63.2,HR,"HR, Aquarium Pula Rescue Center","HR, Korčula","42.9625° N, 17.1333° E",7,SUMMER,2020
16S0118O,0.0,630.0,170.0,0.0,0.0,0.0,28.0,0.0,0.0,0.0,6.0,4.0,0.0,0.0,0.0,0.0,0.0,0.0,0.0,0.0,0.0,0.0,0.0,0.0,0.0,0.0,0.0,0.0,0.0,0.0,0.0,0.0,0.0,0.0,0.0,0.0,0.0,0.0,0.0,0.0,0.0,0.0,0.0,0.0,0.0,0.0,0.0,0.0,0.0,0.0,0.0,0.0,0.0,7.0,0.0,0.0,0.0,0.0,0.0,0.0,0.0,0.0,0.0,0.0,0.0,0.0,0.0,0.0,0.0,0.0,0.0,0.0,0.0,0.0,0.0,0.0,0.0,0.0,0.0,0.0,0.0,0.0,0.0,0.0,0.0,0.0,0.0,0.0,0.0,0.0,0.0,0.0,0.0,0.0,0.0,0.0,0.0,0.0,0.0,0.0,0.0,0.0,0.0,0.0,0.0,0.0,0.0,SO0118,PMFTI0118,ID096,MARO,ORAL,NA,NA,Illumina MiSeq,CCTACGGGNGGCWGCAG,GACTACHVGGGTATCTAATCC,amplicon,16S,V34,25.06.2020.,20.08.2020.,NA,16.6.2021.,56,LATE,FEMALE,SUB-ADULT,31.5,65,67,63.2,HR,"HR, Aquarium Pula Rescue Center","HR, Korčula","42.9625° N, 17.1333° E",7,SUMMER,2020
16S0118W,59.0,1363.0,276.0,0.0,0.0,0.0,50.0,0.0,0.0,0.0,40.0,17.0,0.0,0.0,0.0,0.0,0.0,0.0,0.0,0.0,0.0,0.0,0.0,0.0,0.0,0.0,0.0,0.0,0.0,0.0,0.0,0.0,0.0,0.0,0.0,0.0,0.0,0.0,0.0,0.0,0.0,0.0,0.0,0.0,0.0,0.0,0.0,0.0,0.0,0.0,0.0,0.0,0.0,0.0,0.0,0.0,0.0,0.0,0.0,0.0,0.0,0.0,0.0,0.0,0.0,0.0,0.0,0.0,0.0,0.0,0.0,0.0,0.0,0.0,0.0,0.0,0.0,0.0,0.0,0.0,0.0,0.0,0.0,0.0,0.0,0.0,0.0,0.0,0.0,0.0,0.0,0.0,0.0,0.0,0.0,0.0,0.0,0.0,6.0,0.0,0.0,0.0,0.0,0.0,0.0,0.0,0.0,WF0118,PMFTI0118,ID096,MARO,TANK WATER,NA,NA,Illumina MiSeq,CCTACGGGNGGCWGCAG,GACTACHVGGGTATCTAATCC,amplicon,16S,V34,25.06.2020.,20.08.2020.,NA,16.6.2021.,56,LATE,FEMALE,SUB-ADULT,31.5,65,67,63.2,HR,"HR, Aquarium Pula Rescue Center","HR, Korčula","42.9625° N, 17.1333° E",7,SUMMER,2020
16S0119C,523.0,1789.0,1382.0,19.0,0.0,116.0,86.0,385.0,0.0,0.0,57.0,36.0,0.0,0.0,68.0,0.0,0.0,4.0,5.0,0.0,3.0,0.0,0.0,0.0,0.0,4.0,0.0,0.0,3.0,0.0,0.0,0.0,0.0,0.0,0.0,0.0,15.0,0.0,0.0,0.0,15.0,0.0,0.0,0.0,0.0,0.0,0.0,0.0,0.0,0.0,0.0,0.0,0.0,0.0,0.0,0.0,0.0,0.0,0.0,17.0,0.0,0.0,0.0,0.0,0.0,0.0,0.0,0.0,0.0,6.0,0.0,0.0,0.0,0.0,0.0,0.0,0.0,10.0,19.0,0.0,0.0,8.0,0.0,0.0,0.0,0.0,0.0,0.0,0.0,0.0,0.0,0.0,8.0,0.0,0.0,0.0,0.0,0.0,0.0,0.0,0.0,0.0,0.0,0.0,0.0,0.0,0.0,SC0119,PMFTI0119,ID093,ELLA-RAVKA,CLOACA,TB159,V34,Illumina MiSeq,CCTACGGGNGGCWGCAG,GACTACHVGGGTATCTAATCC,amplicon,16S,V34,30.06.2020.,30.06.2020.,30.06.2020.,26.10.2021.,0,EARLY,ND,SUB-ADULT,26.1,60,62,58,HR,"HR, Aquarium Pula Rescue Center","HR, Zadar Jazine bay","44.1194° N, 15.2314° E",6,SUMMER,2020
16S0119O,369721.0,161220.0,187914.0,0.0,66121.0,15281.0,12.0,1168.0,20256.0,392.0,11390.0,6286.0,1783.0,3493.0,33.0,9163.0,5014.0,1147.0,1677.0,172.0,8524.0,3132.0,3757.0,0.0,4372.0,6645.0,1264.0,2512.0,3086.0,44.0,2210.0,29.0,2029.0,0.0,215.0,794.0,1598.0,156.0,3082.0,759.0,87.0,0.0,1162.0,304.0,14.0,0.0,1080.0,490.0,146.0,648.0,0.0,479.0,0.0,0.0,27.0,0.0,0.0,2.0,0.0,11.0,54.0,0.0,0.0,0.0,183.0,0.0,155.0,55.0,6.0,0.0,0.0,18.0,20.0,0.0,0.0,0.0,0.0,0.0,0.0,21.0,9.0,0.0,0.0,0.0,0.0,0.0,0.0,21.0,0.0,0.0,0.0,0.0,0.0,0.0,0.0,0.0,0.0,0.0,0.0,0.0,0.0,0.0,0.0,0.0,0.0,0.0,0.0,SO0119,PMFTI0119,ID093,ELLA-RAVKA,ORAL,NA,NA,Illumina MiSeq,CCTACGGGNGGCWGCAG,GACTACHVGGGTATCTAATCC,amplicon,16S,V34,30.06.2020.,20.08.2020,NA,26.10.2021.,51,LATE,ND,SUB-ADULT,26.1,60,62,58,HR,"HR, Aquarium Pula Rescue Center","HR, Zadar Jazine bay","44.0931° N, 15.2586° E",8,SUMMER,2020
16S0119W,20985.0,63889.0,17066.0,6.0,9.0,41.0,0.0,18.0,3.0,0.0,9.0,5694.0,0.0,47.0,30.0,0.0,22.0,2.0,9.0,15.0,12.0,0.0,0.0,0.0,58.0,269.0,7.0,0.0,1358.0,0.0,114.0,15.0,0.0,0.0,12.0,0.0,6.0,255.0,0.0,0.0,3.0,0.0,10.0,0.0,0.0,0.0,0.0,0.0,0.0,0.0,0.0,0.0,0.0,0.0,2.0,0.0,4.0,0.0,0.0,0.0,0.0,0.0,0.0,15.0,0.0,0.0,0.0,0.0,0.0,0.0,0.0,0.0,0.0,0.0,0.0,0.0,0.0,0.0,0.0,0.0,0.0,0.0,0.0,0.0,0.0,0.0,0.0,0.0,0.0,0.0,0.0,0.0,7.0,0.0,0.0,0.0,0.0,0.0,0.0,0.0,0.0,0.0,0.0,0.0,0.0,0.0,0.0,WF0119,PMFTI0119,ID093,ELLA-RAVKA,TANK WATER,NA,NA,Illumina MiSeq,CCTACGGGNGGCWGCAG,GACTACHVGGGTATCTAATCC,amplicon,16S,V34,30.06.2020.,20.08.2020,NA,26.10.2021.,51,LATE,ND,SUB-ADULT,26.1,60,62,58,HR,"HR, Aquarium Pula Rescue Center","HR, Zadar Jazine bay","44.0931° N, 15.2586° E",8,SUMMER,2020
16S0120C,11523.0,53080.0,2609.0,6168.0,0.0,6474.0,51.0,2628.0,0.0,0.0,684.0,743.0,24.0,3.0,1670.0,57.0,481.0,0.0,0.0,382.0,0.0,0.0,0.0,942.0,10.0,9.0,0.0,0.0,0.0,0.0,0.0,10.0,0.0,0.0,0.0,0.0,433.0,0.0,3.0,0.0,0.0,0.0,0.0,0.0,0.0,0.0,0.0,0.0,0.0,0.0,0.0,0.0,0.0,0.0,0.0,132.0,0.0,0.0,0.0,0.0,0.0,0.0,0.0,0.0,0.0,0.0,0.0,0.0,0.0,0.0,0.0,0.0,0.0,0.0,0.0,0.0,0.0,0.0,0.0,0.0,0.0,0.0,0.0,0.0,0.0,0.0,0.0,0.0,0.0,0.0,0.0,0.0,0.0,0.0,0.0,0.0,0.0,0.0,0.0,0.0,0.0,0.0,0.0,0.0,0.0,0.0,0.0,SC0120,PMFTI0120,ID097,FREEWINGS,CLOACA,NA,NA,Illumina MiSeq,CCTACGGGNGGCWGCAG,GACTACHVGGGTATCTAATCC,amplicon,16S,V34,20.12.2019.,20.08.2020.,NA,05.10.2020.,244,LATE,ND,JUVENILE,2.4,27.6,28.2,26,HR,"HR, Aquarium Pula Rescue Center","HR, Pula Verudela","44.8390° N, 13.8430° E",8,SUMMER,2020
16S0120O,47387.0,23644.0,33219.0,4.0,2434.0,487.0,0.0,26.0,18.0,14.0,5174.0,409.0,923.0,55.0,7.0,4362.0,13900.0,22.0,0.0,0.0,153.0,521.0,7.0,0.0,205.0,484.0,15.0,20.0,94.0,56.0,3.0,0.0,119.0,0.0,24.0,14.0,318.0,5.0,1017.0,0.0,0.0,710.0,61.0,0.0,9.0,0.0,13.0,7.0,0.0,72.0,0.0,183.0,0.0,0.0,27.0,0.0,0.0,0.0,0.0,0.0,6.0,0.0,0.0,0.0,112.0,0.0,0.0,10.0,0.0,0.0,0.0,6.0,0.0,0.0,0.0,0.0,0.0,0.0,0.0,0.0,0.0,0.0,0.0,0.0,0.0,0.0,0.0,0.0,0.0,0.0,0.0,0.0,0.0,0.0,0.0,0.0,0.0,0.0,0.0,0.0,0.0,0.0,0.0,0.0,0.0,0.0,0.0,SO0120,PMFTI0120,ID097,FREEWINGS,ORAL,NA,NA,Illumina MiSeq,CCTACGGGNGGCWGCAG,GACTACHVGGGTATCTAATCC,amplicon,16S,V34,20.12.2019.,20.08.2020.,NA,05.10.2020.,244,LATE,ND,JUVENILE,2.4,27.6,28.2,26,HR,"HR, Aquarium Pula Rescue Center","HR, Pula Verudela","44.8390° N, 13.8430° E",8,SUMMER,2020
16S0120W,48829.0,122085.0,5021.0,266.0,0.0,77.0,5.0,172.0,7.0,0.0,24.0,4391.0,0.0,5.0,511.0,3.0,42.0,0.0,9.0,50.0,6.0,0.0,0.0,81.0,11.0,234.0,0.0,0.0,200.0,0.0,0.0,0.0,4.0,0.0,3.0,0.0,6.0,45.0,0.0,0.0,0.0,0.0,24.0,0.0,0.0,6.0,8.0,3.0,0.0,0.0,0.0,0.0,0.0,0.0,2.0,12.0,10.0,0.0,0.0,0.0,0.0,0.0,0.0,0.0,0.0,0.0,0.0,0.0,0.0,30.0,0.0,0.0,0.0,0.0,0.0,0.0,0.0,0.0,0.0,0.0,0.0,0.0,4.0,0.0,0.0,0.0,0.0,0.0,0.0,0.0,0.0,0.0,0.0,0.0,0.0,0.0,0.0,0.0,0.0,0.0,0.0,0.0,0.0,0.0,0.0,0.0,0.0,WF0120,PMFTI0120,ID097,FREEWINGS,TANK WATER,NA,NA,Illumina MiSeq,CCTACGGGNGGCWGCAG,GACTACHVGGGTATCTAATCC,amplicon,16S,V34,20.12.2019.,20.08.2020.,NA,05.10.2020.,244,LATE,ND,JUVENILE,2.4,27.6,28.2,26,HR,"HR, Aquarium Pula Rescue Center","HR, Pula Verudela","44.8390° N, 13.8430° E",8,SUMMER,2020
16S0123C,38887.0,51603.0,7059.0,213.0,3.0,2823.0,0.0,1401.0,0.0,1014.0,1618.0,1146.0,41.0,96.0,60.0,113.0,1713.0,0.0,0.0,298.0,4.0,4.0,0.0,45.0,449.0,198.0,0.0,9.0,193.0,0.0,20.0,0.0,0.0,71.0,0.0,0.0,93.0,0.0,0.0,0.0,5.0,0.0,6.0,0.0,0.0,0.0,95.0,0.0,2.0,0.0,0.0,0.0,0.0,0.0,2.0,0.0,0.0,0.0,0.0,0.0,0.0,0.0,0.0,0.0,0.0,0.0,0.0,0.0,0.0,0.0,0.0,0.0,0.0,0.0,0.0,0.0,0.0,0.0,0.0,0.0,0.0,0.0,0.0,0.0,0.0,0.0,0.0,0.0,0.0,0.0,0.0,0.0,0.0,0.0,0.0,0.0,0.0,0.0,0.0,0.0,0.0,0.0,0.0,0.0,0.0,0.0,0.0,SC0123,PMFTI0123,ID098,MAKSIMUS,CLOACA,TB175*PMFTI0121,V34,Illumina MiSeq,CCTACGGGNGGCWGCAG,GACTACHVGGGTATCTAATCC,amplicon,16S,V34,26.07.2020.,20.08.2020.,28.07.2020.,05.10.2020.,25,LATE,ND,JUVENILE,10.7,42.4,45.2,44.2,HR,"HR, Aquarium Pula Rescue Center","HR, Porer","44.7580° N, 13.8909° E",8,SUMMER,2020
16S0123O,70099.0,52378.0,30229.0,25.0,1847.0,1282.0,11.0,427.0,296.0,552.0,4804.0,942.0,4434.0,400.0,3.0,2751.0,128.0,94.0,0.0,13.0,39.0,81.0,35.0,0.0,742.0,515.0,5.0,109.0,1645.0,39.0,68.0,5.0,147.0,4.0,11.0,87.0,24.0,0.0,189.0,0.0,0.0,0.0,275.0,0.0,259.0,0.0,51.0,12.0,0.0,0.0,0.0,206.0,0.0,0.0,0.0,2.0,0.0,0.0,0.0,0.0,0.0,0.0,6.0,0.0,0.0,0.0,0.0,0.0,0.0,0.0,0.0,0.0,0.0,5.0,0.0,0.0,0.0,0.0,0.0,0.0,0.0,0.0,0.0,0.0,0.0,0.0,0.0,0.0,0.0,0.0,0.0,0.0,0.0,0.0,0.0,0.0,0.0,0.0,0.0,0.0,0.0,0.0,0.0,0.0,0.0,0.0,0.0,SO0123,PMFTI0123,ID098,MAKSIMUS,ORAL,TB175*PMFTI0121,V34,Illumina MiSeq,CCTACGGGNGGCWGCAG,GACTACHVGGGTATCTAATCC,amplicon,16S,V34,26.07.2020.,20.08.2020.,28.07.2020.,05.10.2020.,25,LATE,ND,JUVENILE,10.7,42.4,45.2,44.2,HR,"HR, Aquarium Pula Rescue Center","HR, Porer","44.7580° N, 13.8909° E",8,SUMMER,2020
16S0123W,24064.0,70866.0,7181.0,36.0,0.0,29.0,0.0,25.0,0.0,0.0,93.0,963.0,8.0,22.0,10.0,14.0,88.0,2.0,5.0,29.0,2.0,0.0,0.0,13.0,119.0,108.0,0.0,0.0,50.0,0.0,2.0,2.0,0.0,11.0,0.0,0.0,3.0,3.0,0.0,0.0,0.0,0.0,12.0,0.0,0.0,0.0,24.0,0.0,0.0,0.0,0.0,0.0,0.0,9.0,0.0,0.0,14.0,0.0,0.0,0.0,0.0,0.0,0.0,0.0,0.0,0.0,0.0,0.0,0.0,0.0,0.0,0.0,0.0,0.0,0.0,0.0,0.0,0.0,0.0,0.0,0.0,0.0,0.0,0.0,0.0,0.0,0.0,0.0,0.0,0.0,0.0,0.0,0.0,0.0,0.0,0.0,0.0,0.0,0.0,0.0,0.0,0.0,0.0,0.0,0.0,0.0,0.0,WF0123,PMFTI0123,ID098,MAKSIMUS,TANK WATER,TB175*PMFTI0121,V34,Illumina MiSeq,CCTACGGGNGGCWGCAG,GACTACHVGGGTATCTAATCC,amplicon,16S,V34,26.07.2020.,20.08.2020.,28.07.2020.,05.10.2020.,25,LATE,ND,JUVENILE,10.7,42.4,45.2,44.2,HR,"HR, Aquarium Pula Rescue Center","HR, Porer","44.7580° N, 13.8909° E",8,SUMMER,2020
16S0141C,35107.0,45969.0,1995.0,5555.0,0.0,9919.0,79.0,4522.0,0.0,769.0,628.0,0.0,0.0,0.0,0.0,0.0,0.0,0.0,0.0,570.0,0.0,0.0,0.0,0.0,19.0,30.0,0.0,0.0,0.0,2039.0,56.0,0.0,0.0,0.0,121.0,0.0,0.0,0.0,0.0,0.0,0.0,0.0,0.0,0.0,0.0,0.0,0.0,0.0,0.0,0.0,0.0,0.0,0.0,0.0,0.0,0.0,0.0,0.0,0.0,0.0,0.0,0.0,0.0,0.0,0.0,0.0,0.0,0.0,0.0,0.0,0.0,0.0,0.0,0.0,0.0,0.0,0.0,0.0,0.0,0.0,0.0,0.0,0.0,0.0,0.0,0.0,0.0,0.0,0.0,0.0,0.0,0.0,0.0,0.0,0.0,0.0,0.0,0.0,0.0,0.0,0.0,0.0,0.0,0.0,0.0,0.0,0.0,SC0141,PMFTI0141,ID117,KARLO ALBANO,CLOACA,TB215,V34,Illumina MiSeq,CCTACGGGNGGCWGCAG,GACTACHVGGGTATCTAATCC,amplicon,16S,V34,19.03.2021.,25.03.2021.,25.03.2021.,07.09.2021.,6,MID,MALE,ADULT,50,76,74,71,HR,"HR, Aquarium Pula Rescue Center","HR, Telašćica","43.8895° N, 15.1617° E",3,SPRING,2021
16S0141O,110982.0,71527.0,42080.0,0.0,2651.0,4722.0,0.0,1777.0,1065.0,99.0,1118.0,18.0,144.0,1144.0,0.0,5408.0,3109.0,43.0,3.0,110.0,167.0,1638.0,781.0,0.0,364.0,1372.0,0.0,4.0,219.0,264.0,19.0,93.0,181.0,0.0,564.0,167.0,30.0,9.0,639.0,44.0,209.0,0.0,56.0,68.0,13.0,0.0,45.0,134.0,13.0,0.0,310.0,92.0,0.0,0.0,0.0,0.0,0.0,0.0,0.0,0.0,131.0,0.0,0.0,0.0,50.0,0.0,9.0,0.0,3.0,0.0,0.0,3.0,66.0,112.0,0.0,6.0,0.0,3.0,0.0,0.0,0.0,0.0,5.0,0.0,0.0,3.0,0.0,0.0,4.0,0.0,0.0,0.0,0.0,8.0,0.0,0.0,0.0,0.0,0.0,6.0,0.0,0.0,5.0,0.0,0.0,0.0,0.0,SO0141,PMFTI0141,ID117,KARLO ALBANO,ORAL,TB215,V34,Illumina MiSeq,CCTACGGGNGGCWGCAG,GACTACHVGGGTATCTAATCC,amplicon,16S,V34,19.03.2021.,25.03.2021.,25.03.2021.,07.09.2021.,6,MID,MALE,ADULT,50,76,74,71,HR,"HR, Aquarium Pula Rescue Center","HR, Telašćica","43.8895° N, 15.1617° E",3,SPRING,2021
16S0142C,62830.0,92263.0,22747.0,810.0,20.0,8888.0,668.0,2832.0,24.0,0.0,1216.0,686.0,0.0,1150.0,839.0,1499.0,528.0,105.0,0.0,384.0,4.0,2.0,0.0,32.0,100.0,306.0,0.0,0.0,54.0,173.0,15.0,368.0,6.0,0.0,14.0,8.0,248.0,5.0,165.0,0.0,373.0,0.0,0.0,0.0,0.0,7.0,7.0,9.0,0.0,0.0,3.0,0.0,0.0,0.0,0.0,0.0,0.0,0.0,10.0,0.0,138.0,0.0,0.0,0.0,39.0,0.0,0.0,0.0,0.0,0.0,0.0,0.0,0.0,0.0,0.0,0.0,0.0,0.0,0.0,29.0,0.0,0.0,4.0,0.0,0.0,0.0,0.0,0.0,0.0,0.0,0.0,0.0,0.0,0.0,0.0,0.0,0.0,0.0,0.0,0.0,0.0,0.0,0.0,0.0,0.0,0.0,0.0,SC0142,PMFTI0142,ID118,OLIVER RAUL,CLOACA,TB217,V34,Illumina MiSeq,CCTACGGGNGGCWGCAG,GACTACHVGGGTATCTAATCC,amplicon,16S,V34,20.04.2021.,23.04.2021.,23.04.2021.,16.06.2021.,3,MID,ND,JUVENILE,2.4,25.6,26,24.2,HR,"HR, Aquarium Pula Rescue Center","HR, Medulin","44.8217° N, 13.9369° E",4,SPRING,2021
16S0142O,44529.0,40191.0,19202.0,0.0,95.0,785.0,31.0,165.0,29.0,12.0,105.0,0.0,37.0,38.0,0.0,203.0,0.0,60.0,0.0,0.0,0.0,2.0,0.0,0.0,212.0,502.0,0.0,23.0,1046.0,93.0,0.0,0.0,0.0,0.0,6.0,0.0,0.0,37.0,63.0,0.0,6.0,0.0,5.0,0.0,30.0,0.0,0.0,7.0,0.0,0.0,0.0,8.0,0.0,0.0,0.0,0.0,0.0,0.0,0.0,0.0,0.0,0.0,0.0,0.0,0.0,0.0,0.0,0.0,0.0,0.0,0.0,0.0,0.0,0.0,0.0,0.0,0.0,0.0,0.0,0.0,0.0,0.0,0.0,0.0,0.0,0.0,0.0,0.0,0.0,0.0,0.0,0.0,0.0,0.0,0.0,0.0,0.0,0.0,0.0,0.0,0.0,0.0,0.0,0.0,0.0,0.0,0.0,SO0142,PMFTI0142,ID118,OLIVER RAUL,ORAL,TB217,V34,Illumina MiSeq,CCTACGGGNGGCWGCAG,GACTACHVGGGTATCTAATCC,amplicon,16S,V34,20.04.2021.,23.04.2021.,23.04.2021.,16.06.2021.,3,MID,ND,JUVENILE,2.4,25.6,26,24.2,HR,"HR, Aquarium Pula Rescue Center","HR, Medulin","44.8217° N, 13.9369° E",4,SPRING,2021
16S0143C,41750.0,78016.0,8047.0,97.0,0.0,8997.0,27.0,6294.0,0.0,6000.0,457.0,8.0,6.0,0.0,1364.0,21.0,0.0,0.0,0.0,819.0,0.0,0.0,0.0,12.0,46.0,500.0,0.0,0.0,13.0,6.0,0.0,824.0,0.0,164.0,0.0,0.0,21.0,0.0,0.0,0.0,37.0,0.0,0.0,0.0,0.0,0.0,0.0,0.0,0.0,0.0,0.0,0.0,0.0,0.0,0.0,0.0,0.0,0.0,0.0,0.0,0.0,0.0,0.0,28.0,0.0,0.0,0.0,0.0,44.0,0.0,0.0,0.0,0.0,0.0,17.0,0.0,0.0,0.0,0.0,0.0,0.0,0.0,0.0,0.0,0.0,0.0,0.0,0.0,0.0,0.0,0.0,0.0,0.0,0.0,0.0,0.0,0.0,0.0,0.0,0.0,0.0,0.0,0.0,0.0,0.0,0.0,0.0,SC0143,PMFTI0143,ID119,MARTIN,CLOACA,TB219,V34,Illumina MiSeq,CCTACGGGNGGCWGCAG,GACTACHVGGGTATCTAATCC,amplicon,16S,V34,21.04.2021.,23.04.2021.,23.04.2021.,26.10.2021.,2,EARLY,ND,JUVENILE,5.4,36.8,37.8,34.8,HR,"HR, Aquarium Pula Rescue Center","HR, Mali Lošinj","44.5316° N, 14.4720° E",4,SPRING,2021
16S0143O,18435.0,45640.0,9308.0,323.0,86.0,13785.0,223.0,439.0,906.0,26.0,36.0,0.0,834.0,20.0,0.0,20.0,23.0,7.0,0.0,888.0,139.0,0.0,0.0,0.0,5.0,7.0,0.0,8.0,9.0,232.0,0.0,0.0,0.0,0.0,33.0,12.0,0.0,0.0,48.0,0.0,17.0,0.0,0.0,82.0,0.0,0.0,0.0,0.0,0.0,0.0,0.0,21.0,0.0,0.0,0.0,0.0,0.0,0.0,0.0,0.0,12.0,0.0,0.0,0.0,0.0,0.0,0.0,0.0,0.0,0.0,0.0,0.0,0.0,0.0,0.0,22.0,0.0,0.0,0.0,27.0,0.0,0.0,0.0,0.0,0.0,0.0,0.0,0.0,0.0,0.0,0.0,0.0,0.0,0.0,0.0,0.0,0.0,0.0,0.0,0.0,0.0,0.0,0.0,0.0,0.0,0.0,0.0,SO0143,PMFTI0143,ID119,MARTIN,ORAL,TB219,V34,Illumina MiSeq,CCTACGGGNGGCWGCAG,GACTACHVGGGTATCTAATCC,amplicon,16S,V34,21.04.2021.,23.04.2021.,23.04.2021.,26.10.2021.,2,EARLY,ND,JUVENILE,5.4,36.8,37.8,34.8,HR,"HR, Aquarium Pula Rescue Center","HR, Mali Lošinj","44.5316° N, 14.4720° E",4,SPRING,2021
16S0146C,95288.0,105230.0,5223.0,10099.0,13.0,7568.0,3.0,43.0,3.0,0.0,227.0,100.0,882.0,0.0,0.0,0.0,281.0,0.0,6.0,0.0,4.0,0.0,0.0,3.0,20.0,19.0,0.0,7.0,6.0,0.0,0.0,0.0,0.0,2.0,0.0,0.0,0.0,0.0,5.0,0.0,0.0,0.0,4.0,0.0,0.0,0.0,0.0,0.0,0.0,0.0,0.0,0.0,0.0,0.0,0.0,0.0,0.0,0.0,0.0,0.0,0.0,0.0,0.0,0.0,0.0,0.0,0.0,0.0,0.0,0.0,0.0,0.0,0.0,0.0,0.0,0.0,0.0,3.0,0.0,0.0,0.0,0.0,0.0,0.0,0.0,0.0,9.0,0.0,0.0,0.0,0.0,0.0,0.0,0.0,0.0,0.0,0.0,0.0,0.0,0.0,0.0,0.0,0.0,0.0,0.0,0.0,0.0,SC0146,PMFTI0146,ID122,AMADEO-LUKA,CLOACA,NA,NA,Illumina MiSeq,CCTACGGGNGGCWGCAG,GACTACHVGGGTATCTAATCC,amplicon,16S,V34,17.07.2021.,16.08.2021.,NA,19.06.2022.,29,LATE,MALE,ADULT,59.3,81,84.4,76,HR,"HR, Aquarium Pula Rescue Center","HR, Korčula","42.9584° N, 17.1342° E",8,SUMMER,2021
16S0146O,50112.0,41701.0,18096.0,0.0,1913.0,7916.0,0.0,721.0,41.0,0.0,215.0,0.0,1363.0,190.0,0.0,38.0,13.0,0.0,0.0,0.0,16.0,0.0,6.0,0.0,696.0,907.0,0.0,0.0,533.0,0.0,0.0,0.0,15.0,0.0,0.0,0.0,0.0,0.0,9.0,0.0,24.0,0.0,2.0,0.0,23.0,0.0,0.0,0.0,0.0,0.0,0.0,49.0,0.0,0.0,0.0,0.0,0.0,0.0,0.0,0.0,18.0,0.0,0.0,0.0,7.0,0.0,0.0,0.0,0.0,0.0,0.0,0.0,0.0,0.0,0.0,0.0,0.0,0.0,0.0,0.0,0.0,0.0,0.0,0.0,0.0,0.0,0.0,0.0,0.0,0.0,0.0,0.0,0.0,0.0,0.0,0.0,0.0,0.0,0.0,0.0,0.0,0.0,0.0,0.0,0.0,0.0,0.0,SO0146,PMFTI0146,ID122,AMADEO-LUKA,ORAL,NA,NA,Illumina MiSeq,CCTACGGGNGGCWGCAG,GACTACHVGGGTATCTAATCC,amplicon,16S,V34,17.07.2021.,16.08.2021.,NA,19.06.2022.,29,LATE,MALE,ADULT,59.3,81,84.4,76,HR,"HR, Aquarium Pula Rescue Center","HR, Korčula","42.9584° N, 17.1342° E",8,SUMMER,2021
16SNEGCTRL,23.0,241.0,121.0,0.0,0.0,0.0,23.0,15.0,0.0,0.0,0.0,0.0,0.0,0.0,0.0,0.0,0.0,0.0,0.0,0.0,0.0,0.0,0.0,0.0,0.0,0.0,0.0,0.0,0.0,0.0,0.0,0.0,0.0,0.0,0.0,0.0,0.0,0.0,0.0,0.0,0.0,0.0,0.0,0.0,0.0,0.0,0.0,0.0,0.0,0.0,0.0,0.0,0.0,0.0,0.0,0.0,0.0,0.0,0.0,8.0,0.0,0.0,0.0,7.0,0.0,0.0,0.0,0.0,0.0,0.0,0.0,0.0,0.0,0.0,0.0,0.0,0.0,28.0,12.0,0.0,0.0,0.0,0.0,0.0,0.0,0.0,0.0,0.0,0.0,0.0,0.0,0.0,0.0,0.0,0.0,0.0,0.0,0.0,0.0,0.0,0.0,0.0,0.0,0.0,0.0,0.0,0.0,negctrl,NA,NA,NA,NEGCTRL,NA,NA,Illumina MiSeq,CCTACGGGNGGCWGCAG,GACTACHVGGGTATCTAATCC,amplicon,16S,V34,NA,NA,NA,NA,NA,NA,NA,NA,NA,NA,NA,NA,NA,NA,NA,NA,NA,NA,NA
